Timestamp,Action,From,To,Count,Admissions,Admin,Note
2026-09-03 12:58:49,ADD_STUDENT,,JSS1,1,std549,admin,Admission source: new. Class arm: JSS1B. Arm source: automatic. Backup: 20260903_125848_320798_add_student_std549
2026-09-03 13:00:01,DELETE_STUDENT,JSS1,REMOVED,1,std549,admin,Student left/was removed from active database. Admission numbers were NOT released. Backup: 20260903_130000_506179_delete_students_JSS1
2026-09-16 00:21:22,PROMOTE,JSS1,JSS2,20,std001;std007;std013;std015;std023;std024;std027;std030;std035;std037;std040;std047;std048;std049;std050;std052;std053;std054;std055;std064,admin,Promotion completed. Backup: 20260916_002122_025345_promotion_JSS1_to_JSS2
2026-09-16 08:02:44,GRADUATE,SS3,GRADUATED,85,std464;std465;std466;std467;std468;std469;std470;std471;std472;std473;std474;std475;std476;std477;std478;std479;std480;std481;std482;std483;std484;std485;std486;std487;std488;std489;std490;std491;std492;std493;std494;std495;std496;std497;std498;std499;std500;std501;std502;std503;std504;std505;std506;std507;std508;std509;std510;std511;std512;std513;std514;std515;std516;std517;std518;std519;std520;std521;std522;std523;std524;std525;std526;std527;std528;std529;std530;std531;std532;std533;std534;std535;std536;std537;std538;std539;std540;std541;std542;std543;std544;std545;std546;std547;std548,admin,"Graduated and archived. Admission numbers released: std464, std465, std466, std467, std468, std469, std470, std471, std472, std473, std474, std475, std476, std477, std478, std479, std480, std481, std482, std483, std484, std485, std486, std487, std488, std489, std490, std491, std492, std493, std494, std495, std496, std497, std498, std499, std500, std501, std502, std503, std504, std505, std506, std507, std508, std509, std510, std511, std512, std513, std514, std515, std516, std517, std518, std519, std520, std521, std522, std523, std524, std525, std526, std527, std528, std529, std530, std531, std532, std533, std534, std535, std536, std537, std538, std539, std540, std541, std542, std543, std544, std545, std546, std547, std548"
2026-09-16 08:04:14,PROMOTE,SS2,SS3,117,std347;std348;std349;std350;std351;std352;std353;std354;std355;std356;std357;std358;std359;std360;std361;std362;std363;std364;std365;std366;std367;std368;std369;std370;std371;std372;std373;std374;std375;std376;std377;std378;std379;std380;std381;std382;std383;std384;std385;std386;std387;std388;std389;std390;std391;std392;std393;std394;std395;std396;std397;std398;std399;std400;std401;std402;std403;std404;std405;std406;std407;std408;std409;std410;std411;std412;std413;std414;std415;std416;std417;std418;std419;std420;std421;std422;std423;std424;std425;std426;std427;std428;std429;std430;std431;std432;std433;std434;std435;std436;std437;std438;std439;std440;std441;std442;std443;std444;std445;std446;std447;std448;std449;std450;std451;std452;std453;std454;std455;std456;std457;std458;std459;std460;std461;std462;std463,admin,Promotion completed. Backup: 20260916_080414_311895_promotion_SS2_to_SS3
2026-09-16 08:05:31,PROMOTE,SS1,SS2,113,std234;std235;std236;std237;std238;std239;std240;std241;std242;std243;std244;std245;std246;std247;std248;std249;std250;std251;std252;std253;std254;std255;std256;std257;std258;std259;std260;std261;std262;std263;std264;std265;std266;std267;std268;std269;std270;std271;std272;std273;std274;std275;std276;std277;std278;std279;std280;std281;std282;std283;std284;std285;std286;std287;std288;std289;std290;std291;std292;std293;std294;std295;std296;std297;std298;std299;std300;std301;std302;std303;std304;std305;std306;std307;std308;std309;std310;std311;std312;std313;std314;std315;std316;std317;std318;std319;std320;std321;std322;std323;std324;std325;std326;std327;std328;std329;std330;std331;std332;std333;std334;std335;std336;std337;std338;std339;std340;std341;std342;std343;std344;std345;std346,admin,Promotion completed. Backup: 20260916_080530_402121_promotion_SS1_to_SS2
2026-09-16 08:07:05,PROMOTE,JSS3,SS1,74,std160;std161;std162;std163;std164;std165;std166;std167;std168;std169;std170;std171;std172;std173;std174;std175;std176;std177;std178;std179;std180;std181;std182;std183;std184;std185;std186;std187;std188;std189;std190;std191;std192;std193;std194;std195;std196;std197;std198;std199;std200;std201;std202;std203;std204;std205;std206;std207;std208;std209;std210;std211;std212;std213;std214;std215;std216;std217;std218;std219;std220;std221;std222;std223;std224;std225;std226;std227;std228;std229;std230;std231;std232;std233,admin,Promotion completed. Backup: 20260916_080704_902697_promotion_JSS3_to_SS1
2026-09-16 09:48:00,CLEAR_GRADUATE_ARCHIVE,GRADUATE ARCHIVE,ALL YEARS,85,std464;std465;std466;std467;std468;std469;std470;std471;std472;std473;std474;std475;std476;std477;std478;std479;std480;std481;std482;std483;std484;std485;std486;std487;std488;std489;std490;std491;std492;std493;std494;std495;std496;std497;std498;std499;std500;std501;std502;std503;std504;std505;std506;std507;std508;std509;std510;std511;std512;std513;std514;std515;std516;std517;std518;std519;std520;std521;std522;std523;std524;std525;std526;std527;std528;std529;std530;std531;std532;std533;std534;std535;std536;std537;std538;std539;std540;std541;std542;std543;std544;std545;std546;std547;std548,admin,Cleared 85 archived graduate record(s). Safety backup: C:\Users\ACEMX\Desktop\LLMprojects\Ems-Exam-Server\static\data\database\backups\graduates\archive_clear_all_years_20260916_094800_295562. Active students and admission-number status were not changed.
2026-09-16 10:10:42,GRADUATE,SS3,GRADUATED,85,std464;std465;std466;std467;std468;std469;std470;std471;std472;std473;std474;std475;std476;std477;std478;std479;std480;std481;std482;std483;std484;std485;std486;std487;std488;std489;std490;std491;std492;std493;std494;std495;std496;std497;std498;std499;std500;std501;std502;std503;std504;std505;std506;std507;std508;std509;std510;std511;std512;std513;std514;std515;std516;std517;std518;std519;std520;std521;std522;std523;std524;std525;std526;std527;std528;std529;std530;std531;std532;std533;std534;std535;std536;std537;std538;std539;std540;std541;std542;std543;std544;std545;std546;std547;std548,admin,"Graduated and archived. Admission numbers released: std464, std465, std466, std467, std468, std469, std470, std471, std472, std473, std474, std475, std476, std477, std478, std479, std480, std481, std482, std483, std484, std485, std486, std487, std488, std489, std490, std491, std492, std493, std494, std495, std496, std497, std498, std499, std500, std501, std502, std503, std504, std505, std506, std507, std508, std509, std510, std511, std512, std513, std514, std515, std516, std517, std518, std519, std520, std521, std522, std523, std524, std525, std526, std527, std528, std529, std530, std531, std532, std533, std534, std535, std536, std537, std538, std539, std540, std541, std542, std543, std544, std545, std546, std547, std548"
